"transect_location","mean_tc","sd_tc","cv_tc"
"wetland",8.33756097560976,6.63155177936801,79.538270229958
"transition",10.2392631578947,7.17785443996384,70.1012790596121
"upland",11.4490222222222,9.89573948380378,86.4330533361743
