"Transect","R2","F_p_value"
"Upland",0.602260189907136,1.5903912589348e-05
"Transition",0.810130556895036,0.00012063598158405
"Wetland",0.909016712890379,0.0044460068338626
