"Region","R2","F_value","F_p_value"
"Great Lakes",0.601747311244944,4.78473392918547,0.00394044032277188
"Mid-Atlantic",0.683736641801297,12.9715306704304,9.34381385956928e-08
